id,user,created_at,text,sentiment,score
1004528050229469184,LaDiiZ_LuV_TaN,2018-06-07 00:58:45,Black panther pair üòç yes please... and don‚Äôt‚Ä¶ https://t.co/UszDri64M2,Positive,0.46
1004527697874350081,danvvhite,2018-06-07 00:57:21,@SEmmett732 Imagine him as the black panther. Getting thrown off a waterfall and coming back to battle for his country.,Positive,0.17
1004527555003731974,javipichu88,2018-06-07 00:56:46,Black Panther.,Neutural,0.0
1004527541225283584,raversheaven31,2018-06-07 00:56:43,"The Breakdown: ""Why The Beastie Boys Are Not The Greatest Group Of All Time: The Black Panther Theory"" -‚Ä¶ https://t.co/7mfl7jby1S",Negative,-0.31
1004527389391515653,youngjorge055,2018-06-07 00:56:07,@JaackSavy @MlKEHEADLY Spy kids is better than black panther tho so idc,Positive,0.43
1004527338858733568,StarryChalamet,2018-06-07 00:55:55,I told my sister matt Hampton is from brockhampton and she said ‚Äúhe‚Äôs from black panther?‚Äù I-,Positive,0.06
1004527252816715776,lea_smurf,2018-06-07 00:55:34,Alright y‚Äôall. I watched black panther.,Positive,0.31
1004527192863322112,sweetenermads,2018-06-07 00:55:20,he said ‚Äúim more of a black panther dude‚Äù at least he has taste i guess,Negative,-0.03
1004527156406509569,io9,2018-06-07 00:55:11,"In Black Panther, Wakanda's majestic canyons and waterfalls only existed in a computer https://t.co/71ejHQacJI https://t.co/2EXOHPI8iM",Positive,0.78
1004527087699587073,TylerPunllock,2018-06-07 00:54:55,Like how did Black Panther do it so wrong?,Negative,-0.45
1004527066178613250,epikmarketing1,2018-06-07 00:54:50,Black Panther Full Movie online free stream https://t.co/khywWiEgUe #streaming #youvideo.net,Positive,0.41
1004527046247186432,JayJayUSATODAY,2018-06-07 00:54:45,My 1-on-1 with @AmaraLaNegraALN talking everything from her new song #Duttywhine to why she'd thrive in the @UFC to‚Ä¶ https://t.co/HXvYEk1DDR,Positive,0.3
1004526830341312512,NateBeavers13,2018-06-07 00:53:54,Black panther tattoo https://t.co/gNtk58L4dA,Neutural,0.0
1004526529022480384,ifunnyCpapi,2018-06-07 00:52:42,Black Panther is the greatest Soup or hero in Marvel,Neutural,0.0
1004526433517989888,DanPort,2018-06-07 00:52:19,This high school student gave a 10 minute presentation about Wakanda (the fictional nation from Black Panther).  Hi‚Ä¶ https://t.co/OzhnkAlxwN,Positive,0.2
1004526367558524928,Weeze_MissMyFam,2018-06-07 00:52:03,I just realized that they don't have a Black Panther video game,Positive,0.1
1004526302559395840,futureffxiv,2018-06-07 00:51:48,"is The Weapon‚Äôs Refrain the dark souls of final fantasy, or the raider‚Äôs Black Panther",Negative,-0.27
1004526205998129152,M_RCKL,2018-06-07 00:51:25,Im surprised I haven‚Äôt seen a Steph/KD face on Killmongers body with the ‚Äúthis is your king‚Äù with Lebron on Black Panther,Positive,0.28
1004526067216863232,Emmanrowen,2018-06-07 00:50:52,The Incredibles 2 is the Black Panther for millenials,Neutural,0.0
1004525866045538304,jroaches,2018-06-07 00:50:04,Giving this Black Panther a watch!,Positive,0.27
1004525628815740928,wolfromanoff,2018-06-07 00:49:07,black panther https://t.co/50udczTY62,Neutural,0.0
1004525592044363776,kcmomturner,2018-06-07 00:48:58,Holy Black Panther! ‚ù§Ô∏è,Neutural,0.0
1004525569701220352,costco_bird,2018-06-07 00:48:53,"‚ÄúFor Lady Gaga? Without question.‚Äù - Okoye, Black Panther",Positive,0.19
1004525516228046848,codedclans,2018-06-07 00:48:40,@gimmepjm it‚Äôs called ‚Äú kings dead by kendrick lamar and other people‚Äù it‚Äôs for black panther,Positive,0.31
1004525134902751232,gradedcomics,2018-06-07 00:47:09,MARVEL AVENGERS #87 PGX SS 6.5 SIGNED BY STAN LEE *ORIGIN OF BLACK PANTHER https://t.co/7kGb3I4NOO @pgxcomics https://t.co/rN6O6uxU1g,Neutural,0.0
1004525105274327040,emsee91,2018-06-07 00:47:02,When I picked Maddon up today he was body slamming this lil boy yelling ‚Äúis this your king‚Äù ü§¶üèæ‚Äç‚ôÄÔ∏èü§¶üèæ‚Äç‚ôÄÔ∏èü§¶üèæ‚Äç‚ôÄÔ∏è   Maybe‚Ä¶ https://t.co/ujquFCcGya,Positive,0.0
1004524991856037888,HighNaturalSoul,2018-06-07 00:46:35,So I finally seen black panther.,Positive,0.18
1004524970179997696,RoseIsotope,2018-06-07 00:46:30,@MCU_Tweets @ScanlineVFX This scene is so gorgeous. Love Warrior Falls scenes in Black Panther. I'm so happy about‚Ä¶ https://t.co/FRzzvdTSMR,Positive,0.83
1004524912923553792,Blacc_Reignn,2018-06-07 00:46:17,The whole set up was super dope... Like she had an actual black panther lol just like she had a camel when she brou‚Ä¶ https://t.co/KR7C9J7NSV,Positive,0.35
1004524906036453377,SVthaMotha,2018-06-07 00:46:15,"Couldn‚Äôt find any of fatty‚Äôs DC shirts üíÜüèΩ Marvel will have to do, Black Panther would be his first choice üòÇ #wakandafoevaaa",Positive,0.19
1004524451483017216,thatjeffsmith,2018-06-07 00:44:27,@JoeSondow it gives Black Panther a run for its $$$,Neutural,0.0
1004524410374709248,AlfredBoy65,2018-06-07 00:44:17,"Black panther such a good movie, I can watch it everyday lol",Positive,0.34
1004524400899756033,WaveMusicApps,2018-06-07 00:44:14,Phil Lamarr on Voicing Black Panther Video Game and Black Panther Cartoon (Part 4) https://t.co/zWeb5eA5Mj,Positive,0.1
1004524311162572800,DougMcCrae,2018-06-07 00:43:53,@PubliusCTPaetus @JackNorr I'd say about 5-10 years behind. Frex Rosa Parks: 1955. To Kill A Mockingbird: 1960. Mar‚Ä¶ https://t.co/akNp69w7q9,Negative,-0.23
1004524022258917377,shellomellokj,2018-06-07 00:42:44,A Black Panther video game would be tuff ‚ÄºÔ∏è‚ÄºÔ∏è,Positive,0.1
1004523911759872000,bigguccicardo,2018-06-07 00:42:18,"@alextumay Hear no evil, black panther soundtrack, sobxrbe, shorelinedothatshit",Negative,-0.16
1004523820122804224,jungshims,2018-06-07 00:41:56,@chaoticgay they cut the gayness out of black panther too they literally hate us lmaooo,Negative,-0.87
1004523797876236295,MARVELOLOGY,2018-06-07 00:41:51,@nakiamnger I did but after rewatching black panther twice they grew on me,Neutural,0.0
1004523775529021442,FinesseCurves,2018-06-07 00:41:45,I liked a @YouTube video https://t.co/WIAjfOUnQ6 Black Panther New Scene - SNL,Positive,0.46
1004523614153199616,GodNovaFlame,2018-06-07 00:41:07,A Nigga Still Ain‚Äôt Seen Black Panther,Positive,0.09
1004523564958007296,The_Punford,2018-06-07 00:40:55,"After Black Panther made a billion dollars, I'm surprised to see Marvel doubling down on wasps",Positive,0.16
1004523539981053952,vintagevodou,2018-06-07 00:40:49,"@ParkerMolloy Lordy, lets hope he never watches Black Panther...",Positive,0.12
1004523481625780225,FrankKemp3,2018-06-07 00:40:35,My almost 5 year old loved Black Panther,Positive,0.27
1004523329003253760,nakiamnger,2018-06-07 00:39:59,Didn‚Äôt you say that t‚Äôchalla shouldn‚Äôt have had a love interest in black panther or....? https://t.co/s7WzeaB5Y9,Positive,0.43
1004523025327419398,GoodbysMarket,2018-06-07 00:38:47,Represent your pride in Wakanda with this #BlackPanther T-shirt.  #WakandaForever https://t.co/IpohgkAT8f https://t.co/OtohaVRVSQ,Neutural,0.0
1004522955110416384,oddheavenn,2018-06-07 00:38:30,"Ye, victory laps, Freudian, Scum fuck flower boy, black panther album by Kdot, the divine feminine, ‚Äúawaken, my lov‚Ä¶ https://t.co/9phmWX2txD",Negative,-0.39
1004522954124939265,Miss_Jo86,2018-06-07 00:38:30,"In other news, I‚Äôm on my 10th time watching Black Panther since last week... https://t.co/PYZ24ee5yu",Positive,0.13
1004522893261398022,brandon_lane34,2018-06-07 00:38:15,What‚Äôs up my n (Black Panther was an amazing movie) iggas??,Positive,0.58
1004522866149396481,Kyriekkk,2018-06-07 00:38:09,Finally saw black panther üòÇü§£ü§£,Positive,0.22
1004522820334964736,chumpedkid,2018-06-07 00:37:58,i arrive 100 years late to the party with a strawberry lemon smirnoff to announce that i love black panther,Positive,0.38
1004522782661758976,PinksterdaGreat,2018-06-07 00:37:49,@tylerdreaming @PerchPerkins04 @griffing35 @Willy_Will_Koz @CINEMAJunior @Harlan_Bailey6 @ItsPoochFlair‚Ä¶ https://t.co/0PUXL4f3A5,Neutural,0.0
1004522688524808192,nikramm,2018-06-07 00:37:26,Mi √® piaciuto un video di @YouTube: https://t.co/L17y1STd8d Wildcat Got Attacked by a Black Panther! - Far Cry 5 Hours of Darkness,Negative,-0.07
1004522665900560385,_helainthus,2018-06-07 00:37:21,Nw: black panther,Neutural,0.0
1004522431476887558,zvchelmz,2018-06-07 00:36:25,"Finally saw Black Panther, that shit was flame af üî•",Negative,-0.1
1004522414682894336,gordo924,2018-06-07 00:36:21,@M5B1tch @mr_weston_ @tylerthemasterr @MalcolmJenkins Triple down on racism? It‚Äôs the same salute. If you don‚Äôt thi‚Ä¶ https://t.co/j7NtRcGDbD,Neutural,0.0
1004522252409294848,NotGBE,2018-06-07 00:35:42,I still haven‚Äôt seen Black Panther,Positive,0.09
1004522245966872576,Marcus_morado,2018-06-07 00:35:41,Blade was better than black panther https://t.co/eRtraVlek8,Positive,0.58
1004522086084247555,ELVAQUERODIABLO,2018-06-07 00:35:03,"@poeticprophet16 3: cap, starlord, strange.   I want Bucky, the 2nd edition black panther, 2nd edition iron man, wa‚Ä¶ https://t.co/S3ZEEKvuYU",Positive,0.23
1004522021013901313,_LalaAlexandria,2018-06-07 00:34:47,@sxfivx I like both equally but for different reasons. I just like kendrick a little more. The black panther soundtrack nudged it.,Positive,0.09
1004521902415720453,CT27534,2018-06-07 00:34:19,"@NBCNews I support your current protest,however I am suggesting a change. Fans,like myself, cannot join in kneeling‚Ä¶ https://t.co/1gedJJ4bH7",Positive,0.21
1004521699692380160,evanatort1600,2018-06-07 00:33:30,"And having watched both Iron Man sequels the last few days, they aren't that good, but they really aren't that bad.‚Ä¶ https://t.co/Ea7khlqBvL",Positive,0.06
1004521568775487488,WakeYaMindUpEJ,2018-06-07 00:32:59,I didn‚Äôt enjoy the Black Panther soundtrack until I watched the movie. I‚Äôve been hooked since.,Positive,0.44
1004521564061224966,CorneLL_AntWoin,2018-06-07 00:32:58,"For the very first time...yes, the first time.  Lol ‚Äî watching Black Panther",Positive,0.26
1004521509627392001,bethanyleeschim,2018-06-07 00:32:45,@StevenRayMorris The person sitting next to me on my flight home Monday watch Black Panther and I was thrilled.,Positive,0.41
1004521414810988545,realjwallace,2018-06-07 00:32:23,Me: I thought they were only going to kill white people in black panther  Mama: boy you think they're going to let‚Ä¶ https://t.co/poQ66GbbLh,Positive,0.09
1004521093917478912,jameskessee,2018-06-07 00:31:06,That moment you‚Äôre doing a night ride on your motorcycle and the soundtrack to black panther comes on üí™üèΩ üòÜ [Come At‚Ä¶ https://t.co/5IIYSnxrBt,Positive,0.22
1004520913755430915,Albertihoo4,2018-06-07 00:30:23,üîÅ Black Panther ‚ù§ Miles Morales https://t.co/LgMXeqbNVF,Neutural,0.0
1004520837674864643,vvsCam,2018-06-07 00:30:05,"other than black panther, i haven‚Äôt watched a new super hero movie in years. y‚Äôall ain‚Äôt tired of this shit yet? ga‚Ä¶ https://t.co/cY7UaTOsJW",Negative,-0.02
1004520821535232000,DARKELYSIAN,2018-06-07 00:30:01,does stan twitter know any other black person that isnt the black panther cast and zendaya,Positive,0.16
1004520800014225408,LaufeyyStark,2018-06-07 00:29:56,@SacpStarlord @purpleg____ @nakiamnger Uno how many mcu movies I can point out that are fucking overrated. But with‚Ä¶ https://t.co/iCjqdOxeKJ,Negative,-0.13
1004520764689743872,anon_side_eye,2018-06-07 00:29:48,@McMinnPatrick YUP. It's the same argument too for ppl asking for a black spiderman. Nothing wrong w it persay but‚Ä¶ https://t.co/zSjAGY9CPq,Negative,-0.13
1004520652823556096,Boss_Coffee,2018-06-07 00:29:21,"I know I'm super late to the party, but I'm FINALLY getting around to watching this.  Excited! #NowWatching Black P‚Ä¶ https://t.co/DwniGnXgXd",Positive,0.29
1004520592853397504,momieadams,2018-06-07 00:29:07,"I liked a @YouTube video https://t.co/gAcrEjzohV WAKANDA ""Spirit Lifting"" Theme/ Vocal„ÉªBaaba Maalüá∏üá≥ /Black Panther",Positive,0.49
1004520522695110656,BatmansBookcase,2018-06-07 00:28:50,"So, @Al_Ewing has been a favorite writer for a while, loved his Ultimates, New/US Avengers, and even Contest of Cha‚Ä¶ https://t.co/02Pp6mF2cT",Positive,0.8
1004520485873283072,SasakiTime,2018-06-07 00:28:41,Vans Black Panther shoes!!! https://t.co/O5kMzo7nsw,Neutural,0.0
1004520409205805057,IheartsSteelers,2018-06-07 00:28:23,Black Panther until I fall asleep,Neutural,0.0
1004520306055270401,Cryfan07,2018-06-07 00:27:58,I liked a @YouTube video https://t.co/gUSfnIbZrz Reactors Reactions To How BLACK PANTHER Should Have Ended,Positive,0.49
1004520021392089088,Muva_Of_3,2018-06-07 00:26:50,I still ain‚Äôt seen black panther yet üòïü§¶üèΩ‚Äç‚ôÄÔ∏è,Positive,0.09
1004520007609380864,taeyeonisttic,2018-06-07 00:26:47,"I really hope it turns out the BP way, many were tryin to boycott Black Panther but ended up being a huge success I‚Ä¶ https://t.co/pZ9G0dpVUl",Positive,0.18
1004519995433512960,Ash_Shaunte,2018-06-07 00:26:44,Suad got a real black panther in north Philly üò©,Positive,0.28
1004519911308365825,Soulfood_329,2018-06-07 00:26:24,Said done brought a real black panther to north Philly #fixitjesus now when he eat up the block nobody better not say shit lol,Negative,-0.06
1004519841540210689,PrettyBabiMaker,2018-06-07 00:26:07,Fun fact of the day..there is no such thing as a black panther..it‚Äôs a black jag ü§î,Positive,0.04
1004519782748737537,peepgawd2,2018-06-07 00:25:53,Every time I watch Black Panther I realize how nice it would be to have a man in my life üíÄ,Positive,0.24
1004519700154535936,str8upatman,2018-06-07 00:25:34,And people thought me seeing Black Panther in theaters 4 times was crazy... https://t.co/4LqV3qkOi9,Positive,0.18
1004519692596383744,Serious_George,2018-06-07 00:25:32,"Black Panther has nothing to do with the Black Panther political group or Black Panther the animal, and is a lot le‚Ä¶ https://t.co/2jP478FinZ",Negative,-0.25
1004519688355926017,HeadBodyMaster,2018-06-07 00:25:31,Black Panther Deadpool 2  I have yet to see any other movies that have come out this year. https://t.co/Kabykdx2xx,Positive,0.08
1004519483581648896,_missdukes,2018-06-07 00:24:42,One reason why I didn‚Äôt take walks at night living in Florida....I was too scared to run into a wild black panther.‚Ä¶ https://t.co/MpMw4XkKEf,Negative,-0.25
1004519237740883968,WEKetchum,2018-06-07 00:23:43,@MPHX3 And it‚Äôs not only that three lyricists do great numbers. It‚Äôs the fact that the *only* rappers guaranteed to‚Ä¶ https://t.co/vBxGEu79Tb,Positive,0.02
1004519165498142720,HustleBoiMuzik,2018-06-07 00:23:26,Phil Lamarr on Voicing Black Panther Video Game and Black Panther Cartoo... https://t.co/LA8R5MH9BX via @YouTube,Positive,0.1
1004518938540232704,HarmonyJonez,2018-06-07 00:22:32,Want to know how I got casted for Black Panther??? Atlanta Casting Call!!! https://t.co/tSwJ5xfLjw,Positive,0.24
1004518844529106944,elscarface1,2018-06-07 00:22:10,@verdict4489 black panther üòÇüòÇ,Neutural,0.0
1004518772722556928,TheSkarin69,2018-06-07 00:21:53,@AngelySaras Terminando black panther,Neutural,0.0
1004518688827904000,cenk_mx,2018-06-07 00:21:33,@shownuthesims Next Black Panther üòé,Neutural,0.0
1004518650647375877,BeatBanga77,2018-06-07 00:21:24,BLACK PANTHER Trailer 2 (Extended) Marvel 2018 - https://t.co/hsPYFTlz5e https://t.co/18kkgyBWzh,Neutural,0.0
1004518626463019008,SibrinaCollins,2018-06-07 00:21:18,@CullenChemEdX Your colleague asked me to reach out to you regarding my recent paper on Black Panther.,Positive,0.19
1004518614182039552,chadwickbjordan,2018-06-07 00:21:15,"Y‚Äôall the dynamic that Chadwick, Leticia and Angela had in Black Panther.... WHEW we love a family",Positive,0.76
1004518516400279552,BrianaSPerez,2018-06-07 00:20:52,my friends &amp; I watching black panther at this exact scene : ‚ÄúWIG FLEW ! ‚Äú https://t.co/DoahEDJgKc,Positive,0.49
1004518481159696384,AMBrr_Zoe,2018-06-07 00:20:43,"So Ashley &amp; Antai watched The Black Panther (we‚Äôre waiters, don‚Äôt judge) but I wish they would‚Äôve waited longer",Positive,0.58
1004518475358928896,domina_sakhmet,2018-06-07 00:20:42,If you want to know how much I care about men just know my favorite character in Black Panther is Okoye and I have‚Ä¶ https://t.co/Ya4NSZFPWs,Positive,0.35
1004518439963299840,JefferySimpson,2018-06-07 00:20:33,- Cyclops (X-Men) - The Pontiac Bandit (Brooklyn 99) - Crazy Harry (Muppets) - @PFTompkins (well dressed trustworth‚Ä¶ https://t.co/mhqqr3CsuT,Positive,0.47
1004518437484417025,deepseadawn,2018-06-07 00:20:33,"Black Panther, Vibranium, and the Periodic Table https://t.co/EhbRpG81gq with thx to Vanguard-STEM and‚Ä¶ https://t.co/qAdxKK05KW",Positive,0.55
1004518299978420224,multiversitycom,2018-06-07 00:20:00,"Nnedi Okorafor and Tana Ford, most recently the creative team on ""Black Panther: Long Live The King,"" reunite for a‚Ä¶ https://t.co/NUpCwAyZT5",Positive,0.08
1004518299630125056,heroichollywood,2018-06-07 00:20:00,Samuel L. Jackson Wanted Nick Fury To Be In ‚ÄòBlack Panther‚Äô https://t.co/Pzl9OG95k5 https://t.co/UeqA2YrYXp,Positive,0.42
1004518271532466176,real_vilangil,2018-06-07 00:19:53,Samuel L. Jackson Still Can‚Äôt Believe He Wasn‚Äôt In Black Panther https://t.co/uim1oVG1eB https://t.co/l9YbIWLxUo,Neutural,0.0
1004518130381611008,High_Mayyy,2018-06-07 00:19:19,@alextumay Black Panther album was pretty sick,Positive,0.02
1004517971836821504,shurixokoye,2018-06-07 00:18:42,And I thought @chadwickbjordan seeing Black Panther 8(?) times was a lot https://t.co/oNEQiGwL2n,Positive,0.09
1004517944179585024,Marquezalex_,2018-06-07 00:18:35,"@Shibbroni @NemRaps @MoviePass Yeah I saw black panther 5x and ready player one 4x before they changed it, but I‚Äôve‚Ä¶ https://t.co/zQoC5TRWDF",Positive,0.47
1004517770854326273,AndoAW,2018-06-07 00:17:54,Watched some of Black Panther in the flight home today. Erik Killmonger‚Äôs last line still gives me chills.,Positive,0.09
1004517575513071617,John_Liberator,2018-06-07 00:17:07,@countrycookin1 really did a Wakanda themed prom in North Philly with dancers and a real live Black panther? Sis is the GOAT. üíØüíØüíØ,Positive,0.14
1004517396181389312,JaeeeeeeRAW,2018-06-07 00:16:24,He said tell me you don‚Äôt miss me and I‚Äôll sit here and watch ‚Äúwakanda‚Äù i said nigga it‚Äôs called black panther üòÇ,Positive,0.05
1004517324303556609,fullofbass,2018-06-07 00:16:07,@Steph_I_Will Fun fact he did get a signed issue #2 of Black Panther by the artist.  Don‚Äôt worry about where I got it.,Positive,0.54
1004517246352482304,DevinJamaal_,2018-06-07 00:15:49,"Black panther was a good ass movie, regardless if you‚Äôre into the superhero movies or not",Negative,-0.07
1004517071944904704,mark14907,2018-06-07 00:15:07,Skip the Avengers: Why Entrepreneurs Should Watch 'Black Panther' Again Instead https://t.co/rd1GGCEzPP,Positive,0.27
1004516908295696384,FlorianHeigl1,2018-06-07 00:14:28,"@rjw1 reminds of Neverwhere (when they go down, down, down and down deeper to the London dungeon to fight the beast‚Ä¶ https://t.co/RB7DeBuink",Negative,-0.02
1004516880860803073,sirlindsay,2018-06-07 00:14:22,"legit in love with black panther, 10/10 and then some",Positive,0.88
1004516599959883777,teionneai,2018-06-07 00:13:15,me at the beginning of the year: okay we're getting black panther and incredibles 2 so that's great but other than‚Ä¶ https://t.co/1lFQoGwoQb,Positive,0.38
1004516576853397504,zzeeehhhh,2018-06-07 00:13:09,Black Panther Song | Respect My Throne | [Prod by Caliber Beats] #NerdOut https://t.co/zDdB9b9dFX via @YouTube,Positive,0.44
1004516522809876483,WEKetchum,2018-06-07 00:12:56,"@brianafennell Only three rappers do numbers every time, and they‚Äôre all lyricists. Who had a song on NBA playoffs‚Ä¶ https://t.co/ZX9nVTDuNv",Positive,0.13
1004516326151516160,benbrns,2018-06-07 00:12:09,"i'm sick, studying and my sister is rewatching black panther without me. i was betrayed. https://t.co/CKU6OYxum1",Negative,-0.72
1004516290982219777,TrevTaughtYou,2018-06-07 00:12:01,I wanna watch Black Panther üó£,Positive,0.27
1004516278961344512,superjonas,2018-06-07 00:11:58,Viendo Black Panther,Neutural,0.0
1004516277682102272,ManyFacedSET,2018-06-07 00:11:58,this the dude that got black panther to $1billion in the box office https://t.co/djLazQegVQ,Positive,0.24
1004516099101057030,SomrueVTM,2018-06-07 00:11:15,@TalkFilmSoc @neilhimself Black panther was so underwhelming. Annihilation had a deep level of horror about alien b‚Ä¶ https://t.co/h5Kn7vXfNd,Negative,-0.8
1004516072597475329,ImBEEingMe,2018-06-07 00:11:09,I have yet to see Black Panther. You can slander my name now.,Positive,0.23
1004516067761360896,TrevittTrev,2018-06-07 00:11:08,@HeadBandBrother @ChefHigh @RedGrassState @AllStarAndyDC @bullthesis @aguiaaa87 @DawJeremy @nationofnerds‚Ä¶ https://t.co/NjTtb4WV1Z,Neutural,0.0
1004515956184551425,emilygraves1313,2018-06-07 00:10:41,"today was a day of watching new movies that i‚Äôve been putting off soooo black panther and love, simon are now offic‚Ä¶ https://t.co/EBwnDQLl4S",Positive,0.4
1004515917404033024,YOBLACKKING,2018-06-07 00:10:32,[Mixtape] Black KinG YO - Black panther illusion @Spinrilla ¬ª https://t.co/YoaHzm8UWd,Negative,-0.05
1004515697802792960,iambri_97,2018-06-07 00:09:40,"Why would you want to see Infinity War 42 Times when Black Panther and Deadpool 2 are both like, right there? https://t.co/7lopwhvbk5",Positive,0.22
1004515439328800769,soulbrospeaks,2018-06-07 00:08:38,Fantastic!!! https://t.co/NoPIxPh9Hb,Positive,0.94
1004515379731992576,Tyler_Tesoriero,2018-06-07 00:08:24,Never listen to movie critics they are the worst I was told by numerous movie critics black panther is the greatest‚Ä¶ https://t.co/YxSgYnPM4R,Negative,-0.11
1004515370986889216,Cinemaedintorni,2018-06-07 00:08:22,Recensione Black Panther (Home Video) https://t.co/5gSbzc9bzm,Positive,0.18
1004515328871804930,Agusttreasure,2018-06-07 00:08:12,"Ok, so Black Panther has a accent while talking in English but ""E.Ts"" Gamora and Thanos doesn't",Positive,0.19
1004515311662632965,YoungQwan,2018-06-07 00:08:07,@BRedLove @NY_Wiseass Do the black Panther one,Neutural,0.0
1004514974931345409,100Gs1,2018-06-07 00:06:47,New black panther blaster base coat https://t.co/YnRjQuoSyb,Positive,0.41
1004514914889805825,StrawbeRryryr,2018-06-07 00:06:33,I didn't finish black panther but t'challa and shuri are my bbys,Neutural,0.0
1004514900155207680,Eke725,2018-06-07 00:06:29,I still haven‚Äôt seen black panther,Positive,0.09
1004514835181260801,ArthurAugustyn,2018-06-07 00:06:14,Annihilation First Reformed Black Panther https://t.co/EZpFdcrPBL,Neutural,0.0
1004514780797964288,jeanne_vegan13,2018-06-07 00:06:01,Finally going to watch 'Black Panther' in half an hour!  Yayüëç,Positive,0.18
1004514620831232000,BarndogKarck,2018-06-07 00:05:23,Demolished my only work friendship by telling my black coworker that a Wolverine reboot starring a comics accurate‚Ä¶ https://t.co/E76hKW2k6I,Negative,-0.06
1004514570952732681,LemonSweetener,2018-06-07 00:05:11,oh yeah and also she referenced black panther a LOT. One of the interludes was playing X from the album,Positive,0.32
1004514265674461185,maryszigeti,2018-06-07 00:03:58,26 Life and Business Lessons From Black Panther Movie https://t.co/rwK5VmKOSy via @amazon,Positive,0.04
1004514235815260160,LRM_Exclusive,2018-06-07 00:03:51,Samuel L. Jackson Wishes He Was In Black Panther #BlackPanther #MarvelCinematicUniverse https://t.co/u4HIll7YVp https://t.co/KyPww69bYM,Neutural,0.0
1004514227518832640,The_RealJPrince,2018-06-07 00:03:49,@UCMANNY_ Black panther was a tie to me between the two,Neutural,0.0
1004514145503535105,xochtille,2018-06-07 00:03:29,"i have a marvel comic tank top, a marvel comic shirt, black panther shirt i literally want MORE",Positive,0.34
1004514002364436485,TheRealKiddLee,2018-06-07 00:02:55,@Primo_BasedGod @The_BluntTRUTH Nope T'challa is gonna become the king of the dead.. that world where all the dead‚Ä¶ https://t.co/XX2ScA5E9Y,Positive,0.08
1004513886547177477,TonyHighwind,2018-06-07 00:02:28,"@manicsocratic Thanos snaps and Nintendo fades, sure.  But in exactly the same way Black Panther did; your sadness‚Ä¶ https://t.co/UWtkdK1NUt",Positive,0.3
1004513828439289857,sisklea,2018-06-07 00:02:14,lmao they really had black panther yell wakanda forever before that final fight in infinity war for no reason,Negative,-0.05
1004513504047583233,supremespidey,2018-06-07 00:00:56,I was tryna watch black panther to cheer myself up but the video isn‚Äôt loading https://t.co/ZI7sGBqk7L,Positive,0.38
1004513382878384128,NemRaps,2018-06-07 00:00:28,@TopBananas48 I really liked black panther (I now own the blu ray) But I LOVE #InfinityWar,Positive,0.88
1004513370597396480,ebrpl,2018-06-07 00:00:25,We will be showing Black Panther for free next Wednesday at 6:00 p.m. at the Greenwell Springs Road Regional Branch. https://t.co/XrYCj3L05U,Positive,0.56
1004513367934033922,Curdle_Sanders,2018-06-07 00:00:24,Thor: Ragnarok &gt; Black Panther,Neutural,0.0
1004513366398795776,_NichiBro,2018-06-07 00:00:24,I took Chyna to see ‚ÄúBlack Panther‚Äù and she swooned every damn time Michael B. Jordan hopped on screen. The damn disrespect.,Negative,-0.32
1004513272714989569,ZoeVogueBlog,2018-06-07 00:00:01,Black Panther: The movie I didn‚Äôt know we needed  https://t.co/e2HiDr3dOz,Positive,0.07
1004513153625886720,_NichiBro,2018-06-06 23:59:33,I‚Äôm watching ‚ÄúBlack Panther‚Äù in a second-run theater and now the ‚ÄúWhat are those?‚Äù joke feels even more dated.,Positive,0.38
1004513073074491392,OrangeChuck,2018-06-06 23:59:14,"@SeanKeeleyIsMe Only thing I liked about Civil War was introducing Black Panther and the Spiderman reboot, which I enjoyed as well.",Positive,0.48
1004513012596858882,ScifiandScary,2018-06-06 23:58:59,I've just entered the MOVIE: Black Panther (2018) #giveaway at @smashbomb. You can enter to #win too:‚Ä¶ https://t.co/Il2B87cUmy,Positive,0.34
1004512836180217856,JosfIsSoCool,2018-06-06 23:58:17,"Yeah so Thor: Ragnarok is one of the best Marvel movies. Marvel's on a roll with this, Black Panther, and Infinity War",Positive,0.77
1004512745998385158,petrparkr,2018-06-06 23:57:56,petty level is peter flying away from hawkeye and black panther while telling them to rethink their lives https://t.co/ydXEBMWo3Q,Positive,0.16
1004512665929158656,korps,2018-06-06 23:57:37,Why these #Jeopardy contestants gotta ignore the comics category. Damn fools.  Also @ Trebek: The ‚ÄúT‚Äù in T‚ÄôChalla i‚Ä¶ https://t.co/dFUtuVnJh8,Negative,-0.17
1004512531405303808,PrimeShan,2018-06-06 23:57:05,You guys have ruined black panther. Sick of y‚Äôall.,Negative,-0.3
1004512347631824897,CodeLion,2018-06-06 23:56:21,@JamesGavsie @GeekToMeRadio @JSandlinWriter @3RShow @BrianLeeOkert @mrjafri @MikeSchmidt09 @GeekVibesNation‚Ä¶ https://t.co/MiXHxcQzPr,Neutural,0.0
1004512260033863680,ItsChucky27,2018-06-06 23:56:00,Copping the black panther vans https://t.co/nC0jrQwoR7,Neutural,0.0
1004512210956308481,youthills,2018-06-06 23:55:48,black panther | pantera negra https://t.co/e76mVaAMnX,Neutural,0.0
1004512126860439552,WhoJaded,2018-06-06 23:55:28,Saud brought a black panther to philly y‚Äôall ! She did it again.,Neutural,0.0
1004512073303199745,SimplyBiased,2018-06-06 23:55:15,Me and my brothers when we saw Black Panther üòÇüëåüèº https://t.co/x0NJVS2zVv,Positive,0.2
1004512063283171334,_allysonchiu,2018-06-06 23:55:13,Why ‚ÄòBlack Panther‚Äô actor Michael B. Jordan is intent on landing ‚Äòwhite‚Äô roles https://t.co/vOAT5GzyDC,Neutural,0.0
1004512032195006464,Malaya_Ann24,2018-06-06 23:55:06,YOU COULDNT BUZZ IN FAST ENOUGH TO GUESS ‚ÄúWHO IS THE BLACK PANTHER?‚Äù Your black card has been revoked...this should‚Ä¶ https://t.co/YSp8uNAhHE,Neutral,0.0
1004512008304320513,HotNewHipHop,2018-06-06 23:55:00,"The Avengers, Black Panther, Deadpool &amp; others featured in new @VANS_66 x @Marvel collection  https://t.co/Xvw63WN2oV",Positive,0.3
1004511798031273984,TPTVEXCLUSIVES,2018-06-06 23:54:10,Phil Lamarr on Voicing Black Panther Video Game and Black Panther Cartoon (Part 4) https://t.co/1Y2AwddMzl,Positive,0.1
1004511739625590785,maimunamustaph1,2018-06-06 23:53:56,@Graaffiti Sakura??? Yeap. She does.  Sakura... Shuri... all na the same.  Lol is it in black panther 2 that she whispered that to you???,Positive,0.25
1004511472549064704,girls_are_weird,2018-06-06 23:52:52,i genuinely don't get it. could that leia scene in #TheLastJedi have looked better? sure. but so could the last kil‚Ä¶ https://t.co/ao1IN6KlSe,Positive,0.34
1004511336720752645,titansinfinity,2018-06-06 23:52:20,"@stanleescameos completely agree, i don‚Äôt find myself interesting  If you‚Äôd like a positive opinion, I thought Doct‚Ä¶ https://t.co/1TOt8tsg1g",Positive,0.5
1004511130000257024,_julianojrf,2018-06-06 23:51:30,Wakanda forever!!! üôÖüèæ‚Äç‚ôÇÔ∏è ‚Äî assistindo Black Panther,Neutural,0.0
1004511081291702272,jessysavage,2018-06-06 23:51:19,Check out Lot Of 12 Vintage 1974-1976 Black Panther Marvel  Comic Books https://t.co/YlzpIvAS0b @eBay,Positive,0.13
1004511043899527168,DuckworthTDE,2018-06-06 23:51:10,Beyonc√© and JAY Z used ‚ÄúX‚Äù from the Black Panther soundtrack for the intro to #OTRII! üî•üî• https://t.co/autoKkuBo1,Negative,-0.03
1004511013578813440,Blacktradelines,2018-06-06 23:51:03,"$13.00 CASH BACK for  ""Black Panther"" Movie if you Join Now!  Go To: https://t.co/LvAKTqu9zt @toosmart247‚Ä¶ https://t.co/IdNZEAPGP5",Positive,0.2
1004510963758858240,jack_king_kirby,2018-06-06 23:50:51,BLACK PANTHER #1 CGC 9.8 WP Marvel Comics 1/77 Jack Kirby (Fantastic Four #52) https://t.co/S5OzGAi0Rr https://t.co/qKC1Qz0lQZ,Positive,0.94
1004510923468312576,eroboxs,2018-06-06 23:50:41,"@unpetitebelle Currently I saw..  - black panther  - Infinity war üôå - The Greatest Showman  - Wonder - Everything, Everything",Positive,0.52
1004510783105990657,beomshine,2018-06-06 23:50:08,The women in Black Panther https://t.co/Z5hMreH2m7,Neutural,0.0
1004510771643068416,katiathemick,2018-06-06 23:50:05,Black Panther needs to learn how to delegate probably (I love this movie so far btw I'm just being silly),Positive,0.28
1004510513915682816,Steve_Reaperz,2018-06-06 23:49:04,"@ScottGandhi Why do you believe it's the best? To me, it was a great movie for the first Thor movie I've seen; howe‚Ä¶ https://t.co/GuxKnnNYxT",Positive,0.4
1004510182611804160,ARdubbs108,2018-06-06 23:47:45,@BorisEvilov @NastyJenni @OWS_ellie @artislifeisart @rjdomos @ziege19 @demonicalien666 @R6Rider @surfinbird161‚Ä¶ https://t.co/HmkwCtuFHA,Neutural,0.0
1004510159534686208,JLSwitzer33,2018-06-06 23:47:39,Black Panther seemed to be losing some steam in the last arc to the point that the relaunch is a bit of a relief. B‚Ä¶ https://t.co/H7R6Ur2mH0,Negative,-0.11
1004510140018634752,RobDawg367,2018-06-06 23:47:34,"I liked a @YouTube video https://t.co/Mj2xVYwxep Black Panther - This Is Wakanda (Childish Gambino ""This Is America"" Parody) Reaction",Positive,0.49
1004509999073243137,MOEtivation_91,2018-06-06 23:47:01,Yaw think #bet play Baby Boy or a @tylerperry movie alot??? Just wait until they start airing Black Panther lol...s‚Ä¶ https://t.co/riEdOwp5x7,Positive,0.26
1004509985336786944,MyZombies,2018-06-06 23:46:58,I have almost seen Black Panther as my times as Killmonger has kill marks!,Negative,-0.31
1004509967951515650,TonyThaDon,2018-06-06 23:46:53,Who is supposed to police the police in a police state? The people right? That's fun cause the original Black Panth‚Ä¶ https://t.co/iUySyv0Lhz,Positive,0.34
1004509832752312321,grlallfighty,2018-06-06 23:46:21,I think you call the number on the shirt and get to leave a voicemail? Sorry zayn for the message of me eating pizz‚Ä¶ https://t.co/WOlrEYWO5d,Positive,0.14
1004509750405496833,bpdmarvel,2018-06-06 23:46:02,#Marvel Universe Black Panther Blu-ray Bluray Steelbook Digital Code Sold Out #eBay üîó https://t.co/yh51psLiqw https://t.co/4QVkgMPLZv,Neutural,0.0
1004509588765495296,AndalusianDoge,2018-06-06 23:45:23,Black Panther A Quiet Place Won't You Be My Neighbor?  Stay tuned in a few hours to find out if this list gets a li‚Ä¶ https://t.co/LFBPFPVFhV,Positive,0.08
1004509468732854278,tmh2x,2018-06-06 23:44:54,Avengers was over Black Panther btw.,Neutural,0.0
1004509371139788804,PowerCarries,2018-06-06 23:44:31,@ScottGandhi @OpTic_Crimsix Black panther is heat and dr strange is definitely higher up there,Neutural,0.0
1004509349790797824,slytherejects,2018-06-06 23:44:26,Black Panther https://t.co/7HHMczaRrS,Neutural,0.0
1004509314072096768,_damnkennnn,2018-06-06 23:44:18,I‚Äôm hella late üò≠ but I finally watched Black Panther.,Negative,-0.02
1004509194018541569,AfricanaFacts,2018-06-06 23:43:49,"On October15, 1966 the Black Panther Party was founded by Elbert Howard, Huey Newton, Sherwin Forte, Bobby Seale, R‚Ä¶ https://t.co/dHk5xqMimL",Positive,0.69
1004509023352311808,chumpedkid,2018-06-06 23:43:08,"listen whoever got black panther from redbox before me and scratched it- what‚Äôs your address? i‚Äôm not mad, i just wanna talk.",Negative,-0.2
1004509014875664385,clipsonlinetv,2018-06-06 23:43:06,Marvel Now Holds the Top 3 Films on 2018's Box Office Charts - TheWrap https://t.co/UzUEaDWnP3 #Movies #Film,Positive,0.33
1004508999423873025,El9th,2018-06-06 23:43:02,"@ReignCoates damn shame, black panther was supposed to unite us all. Guess not",Negative,-0.53
1004508963008729088,17C_SCOUPS,2018-06-06 23:42:54,"@binnochio Hello Binnie! I wonder what avenger that you trying to immitates in the gif? Mine is, obviously the blac‚Ä¶ https://t.co/pCuk65PlsQ",Positive,0.27
1004508914782793728,FaisonctArt,2018-06-06 23:42:42,I mean...duh? But also that means we missed out on an album during BHM and Black Panther. Like Jay really hates us blacks don‚Äôt he?,Negative,-0.55
